"","pairs","Df","SumsOfSqs","F.Model","R2","p.value","p.adjusted","sig"
"1","Phoronid vs Sediment",1,0.190225998110155,3.15059940910506,0.173581011739182,0.0045,0.00675,"*"
"2","Phoronid vs Tube",1,0.342701417865588,5.31859278781459,0.187812750007238,9e-04,0.0027,"*"
"3","Sediment vs Tube",1,0.129226256618712,2.36854279261205,0.144700895041255,0.0379,0.0379,"."
